,train_RMSE,train_MAE,test_RMSE,test_mae
0,0.9564419984817505,0.49146386981010437,0.9254171252250671,0.6997074484825134
1,4.56535530090332,0.9991704225540161,3.45967960357666,1.5945779085159302
2,0.4757069945335388,0.4179724454879761,1.6089686155319214,0.9272458553314209
