,train_RMSE,train_MAE,test_RMSE,test_mae
0,1.3678067922592163,0.8080102801322937,0.35876986384391785,0.4780562222003937
1,2.0412464141845703,0.9679922461509705,0.7632457613945007,0.6562962532043457
2,1.710802674293518,0.8933455348014832,0.28044435381889343,0.42949482798576355
