,train_RMSE,train_MAE,test_RMSE,test_mae
0,3.059586524963379,0.8763595819473267,5.97985315322876,1.0029066801071167
1,8.651643753051758,1.4622232913970947,10.220582008361816,2.181871175765991
2,4.4151997566223145,0.9484915137290955,19.875497817993164,2.7325541973114014
