,train_RMSE,train_MAE,test_RMSE,test_mae
0,0.13848362863063812,0.18662665784358978,0.3877553641796112,0.36061251163482666
1,0.2619445025920868,0.23095498979091644,1.1401691436767578,0.6983072757720947
2,0.8010587096214294,0.309594988822937,0.48938679695129395,0.4163053333759308
