,test_mlp1,test_mlp2,test_mlp3
0,0.1170119,0.08709772,0.1005075
1,0.1170119,0.08709772,0.10558605
2,0.1170119,0.08709772,0.09297812
3,1.0796671,0.7946697,1.2964242
4,3.3858445,0.8107816,1.2964242
5,4.1967793,4.6086617,4.803906
6,4.2090178,6.4213634,5.2934656
7,3.886868,4.6050787,4.4476485
8,1.5947307,0.82688594,1.7840157
9,2.6930082,1.5860684,1.3215076
10,0.1170119,0.08709772,0.2724328
11,0.1170119,0.08709772,0.1335249
