,test_reg1,test_reg2,test_reg3
0,0.14685047,0.059336264,0.11323154
1,0.16110098,0.059336264,0.11385256
2,0.10357809,0.059336264,0.112591326
3,0.7139114,1.059957,0.946326
4,3.3321867,3.7416139,1.2589493
5,4.1117477,4.0858564,4.5114145
6,4.118625,5.4083805,4.9956675
7,3.6097846,4.945899,3.9651265
8,1.3380191,12.869426,0.946326
9,0.010051608,0.43201852,0.946326
10,0.24632597,0.059336264,0.17090577
11,0.26705635,0.059336264,0.123565495
