,test_res21,test_res22,test_res23
0,0.108474314,0.039140582,0.089838274
1,0.039621115,0.02785647,0.089838274
2,0.18023413,0.09699845,0.089838274
3,1.5386636,1.0090623,1.3993464
4,2.7503762,1.8369203,3.2636294
5,4.247455,4.734395,4.750077
6,6.464575,6.982248,6.994596
7,4.781142,4.7607484,4.6985025
8,1.5146459,1.5728967,1.1985141
9,0.81698644,1.1070749,1.1649507
10,0.17789018,-0.028079629,0.089838274
11,0.21883422,0.06549001,0.089838274
