,test_mlp1,test_mlp2,test_mlp3
0,0.027524352,0.18569584,0.033649977
1,0.041139245,0.18569584,0.12889925
2,0.15312612,0.18569584,0.39269194
3,1.3193693,1.010185,1.4954221
4,3.5621276,3.304709,2.676927
5,4.566135,4.6933355,5.2847643
6,4.8747354,5.270875,5.153093
7,3.825746,4.0343356,3.9041505
8,2.5562294,3.060473,1.55966
9,2.2866058,2.3405185,1.9420563
10,0.24732041,0.47312236,0.43290737
11,0.06999493,0.18569584,0.033649977
