,train_RMSE,train_MAE,test_RMSE,test_mae
0,0.09229084849357605,0.20430132746696472,0.1611548811197281,0.15439799427986145
1,0.08507382869720459,0.1610162854194641,0.23356634378433228,0.31574395298957825
2,0.08495046198368073,0.15585200488567352,0.28137412667274475,0.37870779633522034
