,test_reg1,test_reg2,test_reg3
0,0.097485304,0.016936898,0.18810782
1,0.13512254,0.18427086,0.26718944
2,0.35728502,0.26496404,0.1299023
3,1.3050376,1.1016285,1.4477289
4,2.8019834,4.815394,3.2101932
5,4.817679,4.707275,5.1517544
6,5.1743155,5.224113,4.9601007
7,3.4755716,3.4509525,3.8833823
8,2.4647832,2.308312,1.8638623
9,1.7680236,1.6269436,1.9894617
10,0.24878335,0.20387095,0.25209573
11,0.035894632,0.115864515,0.54082847
