,train_RMSE,train_MAE,test_RMSE,test_mae
0,0.10235397517681122,0.21671836078166962,0.12113144248723984,0.23648731410503387
1,0.09840455651283264,0.17860110104084015,0.2537288963794708,0.32380491495132446
2,0.08121085166931152,0.137348011136055,0.19983434677124023,0.3141609728336334
