,test_res21,test_res22,test_res23
0,0.08179164,0.2655989,0.17283134
1,0.1256355,0.17700502,0.17283134
2,0.15586638,0.43017802,0.17283134
3,1.2322398,1.1035693,1.2836456
4,1.8566041,3.0073998,2.6709952
5,5.9906774,6.5903897,5.786105
6,9.122835,9.621395,8.707108
7,4.7121086,6.2347794,6.2201786
8,1.7686788,2.700778,0.96613926
9,2.01791,0.7536007,2.5641236
10,0.1273253,0.014195383,0.17283134
11,0.09607673,0.37073117,0.17283134
