MLP,Physics Regularisation aug,Residual Physics Aug
0.154397994,0.236487314,0.870924473
0.315743953,0.323804915,0.942231894
0.378707796,0.314160973,0.997861564
