,train_RMSE,train_MAE,test_RMSE,test_mae
0,0.1852869689464569,0.27453434467315674,0.286348432302475,0.3784308135509491
1,0.5460110306739807,0.3710876405239105,9.052720069885254,1.1668596267700195
2,0.2825104892253876,0.32386431097984314,0.6125860810279846,0.4013679027557373
